file_name,label,augmentations
augmented_20250214_1853\aug_0.jpg,1.0,
augmented_20250214_1853\aug_1.jpg,1.0,random_flip_color_jitter_random_erasing_grid_distortion
augmented_20250214_1853\aug_2.jpg,0.0,
augmented_20250214_1853\aug_3.jpg,0.0,random_flip_random_rotation_random_erasing_random_crop
augmented_20250214_1853\aug_4.jpg,0.0,
augmented_20250214_1853\aug_5.jpg,0.0,random_rotation_random_erasing
augmented_20250214_1853\aug_6.jpg,1.0,
augmented_20250214_1853\aug_7.jpg,1.0,random_rotation_random_affine_random_erasing
augmented_20250214_1853\aug_8.jpg,0.0,
augmented_20250214_1853\aug_9.jpg,0.0,color_jitter_random_affine
augmented_20250214_1853\aug_10.jpg,1.0,
augmented_20250214_1853\aug_11.jpg,1.0,random_flip_random_rotation_color_jitter_random_crop
augmented_20250214_1853\aug_12.jpg,0.0,
augmented_20250214_1853\aug_13.jpg,0.0,color_jitter_gaussian_blur_add_glare_contrast_shift
augmented_20250214_1853\aug_14.jpg,0.0,
augmented_20250214_1853\aug_15.jpg,0.0,random_flip_random_rotation_color_jitter_random_perspective
augmented_20250214_1853\aug_16.jpg,1.0,
augmented_20250214_1853\aug_17.jpg,1.0,random_erasing
augmented_20250214_1853\aug_18.jpg,0.0,
augmented_20250214_1853\aug_19.jpg,0.0,random_perspective_random_erasing_salt_pepper
augmented_20250214_1853\aug_20.jpg,0.0,
augmented_20250214_1853\aug_21.jpg,0.0,random_flip_color_jitter_random_affine_gaussian_blur
augmented_20250214_1853\aug_22.jpg,0.0,
augmented_20250214_1853\aug_23.jpg,0.0,random_flip_random_rotation_color_jitter_salt_pepper
augmented_20250214_1853\aug_24.jpg,1.0,
augmented_20250214_1853\aug_25.jpg,1.0,color_jitter_elastic_transform_contrast_shift
augmented_20250214_1853\aug_26.jpg,0.0,
augmented_20250214_1853\aug_27.jpg,0.0,random_flip_random_rotation_color_jitter_gaussian_blur
augmented_20250214_1853\aug_28.jpg,0.0,
augmented_20250214_1853\aug_29.jpg,0.0,random_flip_color_jitter_contrast_shift_random_crop
augmented_20250214_1853\aug_30.jpg,0.0,
augmented_20250214_1853\aug_31.jpg,0.0,color_jitter_random_perspective_random_erasing
augmented_20250214_1853\aug_16.jpg,1.0,
augmented_20250214_1853\aug_17.jpg,1.0,random_rotation_salt_pepper_random_crop
augmented_20250214_1853\aug_18.jpg,0.0,
augmented_20250214_1853\aug_19.jpg,0.0,gaussian_blur_elastic_transform_add_rain
augmented_20250214_1853\aug_20.jpg,1.0,
augmented_20250214_1853\aug_21.jpg,1.0,random_flip_random_rotation_color_jitter_random_erasing
augmented_20250214_1853\aug_22.jpg,0.0,
augmented_20250214_1853\aug_23.jpg,0.0,random_flip_random_rotation_random_crop_mosaic
augmented_20250214_1853\aug_24.jpg,0.0,
augmented_20250214_1853\aug_25.jpg,0.0,random_rotation_color_jitter_random_perspective_random_affine
augmented_20250214_1853\aug_26.jpg,1.0,
augmented_20250214_1853\aug_27.jpg,1.0,color_jitter_salt_pepper_grid_distortion
augmented_20250214_1853\aug_28.jpg,0.0,
augmented_20250214_1853\aug_29.jpg,0.0,color_jitter_random_perspective_random_affine
augmented_20250214_1853\aug_30.jpg,0.0,
augmented_20250214_1853\aug_31.jpg,0.0,random_flip_color_jitter_gaussian_blur_elastic_transform
augmented_20250214_1853\aug_32.jpg,0.0,
augmented_20250214_1853\aug_33.jpg,0.25,random_flip_mixup_mosaic
augmented_20250214_1853\aug_34.jpg,1.0,
augmented_20250214_1853\aug_35.jpg,1.0,random_flip_random_rotation_color_jitter_gaussian_blur_contrast_shift
augmented_20250214_1853\aug_36.jpg,0.0,
augmented_20250214_1853\aug_37.jpg,0.0,random_rotation_random_perspective_elastic_transform
augmented_20250214_1853\aug_38.jpg,1.0,
augmented_20250214_1853\aug_39.jpg,1.0,random_rotation_random_perspective_random_affine
augmented_20250214_1853\aug_40.jpg,0.0,
augmented_20250214_1853\aug_41.jpg,0.0,color_jitter_random_crop_mosaic
augmented_20250214_1853\aug_42.jpg,0.0,
augmented_20250214_1853\aug_43.jpg,0.0,random_flip_color_jitter_random_perspective_random_erasing
augmented_20250214_1853\aug_44.jpg,0.0,
augmented_20250214_1853\aug_45.jpg,0.0,color_jitter_gaussian_blur_salt_pepper
augmented_20250214_1853\aug_46.jpg,1.0,
augmented_20250214_1853\aug_47.jpg,1.0,random_flip_random_rotation_color_jitter_gaussian_blur
augmented_20250214_1853\aug_32.jpg,0.0,
augmented_20250214_1853\aug_33.jpg,0.0,random_rotation_gaussian_blur_salt_pepper
augmented_20250214_1853\aug_34.jpg,0.0,
augmented_20250214_1853\aug_35.jpg,0.0,random_rotation_color_jitter_random_affine_random_erasing
augmented_20250214_1853\aug_36.jpg,1.0,
augmented_20250214_1853\aug_37.jpg,1.0,color_jitter_random_affine_gaussian_blur
augmented_20250214_1853\aug_38.jpg,0.0,
augmented_20250214_1853\aug_39.jpg,0.0,random_flip_random_rotation_gaussian_blur_add_glare
augmented_20250214_1853\aug_40.jpg,1.0,
augmented_20250214_1853\aug_41.jpg,1.0,color_jitter_random_perspective_gaussian_blur
augmented_20250214_1853\aug_42.jpg,1.0,
augmented_20250214_1853\aug_43.jpg,1.0,random_rotation_color_jitter
augmented_20250214_1853\aug_44.jpg,0.0,
augmented_20250214_1853\aug_45.jpg,0.0,random_flip_random_rotation_color_jitter_random_affine
augmented_20250214_1853\aug_46.jpg,0.0,
augmented_20250214_1853\aug_47.jpg,0.0,random_perspective_gaussian_blur_salt_pepper
augmented_20250214_1853\aug_48.jpg,0.0,
augmented_20250214_1853\aug_49.jpg,0.0,color_jitter_random_perspective_random_erasing
augmented_20250214_1853\aug_50.jpg,0.0,
augmented_20250214_1853\aug_51.jpg,0.0,random_perspective_grid_distortion_add_rain
augmented_20250214_1853\aug_52.jpg,1.0,
augmented_20250214_1853\aug_53.jpg,1.0,random_flip_random_rotation_color_jitter_random_perspective
augmented_20250214_1853\aug_54.jpg,0.0,
augmented_20250214_1853\aug_55.jpg,0.0,color_jitter_random_perspective_grid_distortion
augmented_20250214_1853\aug_56.jpg,0.0,
augmented_20250214_1853\aug_57.jpg,0.0,random_rotation_random_perspective_mixup
augmented_20250214_1853\aug_58.jpg,0.0,
augmented_20250214_1853\aug_59.jpg,0.0,random_flip_random_rotation_random_perspective_gaussian_blur
augmented_20250214_1853\aug_60.jpg,0.0,
augmented_20250214_1853\aug_61.jpg,0.0,salt_pepper_add_rain
augmented_20250214_1853\aug_62.jpg,1.0,
augmented_20250214_1853\aug_63.jpg,1.0,gaussian_blur_elastic_transform_random_crop
augmented_20250214_1853\aug_48.jpg,0.0,
augmented_20250214_1853\aug_49.jpg,0.0,random_flip_random_rotation_random_perspective_gaussian_blur
augmented_20250214_1853\aug_50.jpg,1.0,
augmented_20250214_1853\aug_51.jpg,1.0,random_rotation_gaussian_blur_salt_pepper
augmented_20250214_1853\aug_52.jpg,1.0,
augmented_20250214_1853\aug_53.jpg,1.0,random_flip_random_rotation_color_jitter_random_perspective
augmented_20250214_1853\aug_54.jpg,1.0,
augmented_20250214_1853\aug_55.jpg,1.0,random_flip_random_rotation_grid_distortion
augmented_20250214_1853\aug_56.jpg,0.0,
augmented_20250214_1853\aug_57.jpg,0.0,random_rotation_grid_distortion_add_rain
augmented_20250214_1853\aug_58.jpg,0.0,
augmented_20250214_1853\aug_59.jpg,0.0,random_rotation_color_jitter_random_perspective_salt_pepper
augmented_20250214_1853\aug_60.jpg,1.0,
augmented_20250214_1853\aug_61.jpg,1.0,random_perspective_random_affine_salt_pepper
augmented_20250214_1853\aug_62.jpg,0.0,
augmented_20250214_1853\aug_63.jpg,0.21936553435941186,contrast_shift_random_crop_mixup
augmented_20250214_1853\aug_64.jpg,0.0,
augmented_20250214_1853\aug_65.jpg,0.0,random_rotation_random_perspective_random_crop
augmented_20250214_1853\aug_66.jpg,0.0,
augmented_20250214_1853\aug_67.jpg,0.0,random_flip_color_jitter_random_perspective_salt_pepper
augmented_20250214_1853\aug_68.jpg,1.0,
augmented_20250214_1853\aug_69.jpg,1.0,random_flip_random_affine_elastic_transform_contrast_shift
augmented_20250214_1853\aug_70.jpg,1.0,
augmented_20250214_1853\aug_71.jpg,1.0,random_rotation_random_perspective_random_affine
augmented_20250214_1853\aug_72.jpg,1.0,
augmented_20250214_1853\aug_73.jpg,1.0,random_affine_contrast_shift
augmented_20250214_1853\aug_74.jpg,1.0,
augmented_20250214_1853\aug_75.jpg,1.0,random_flip_grid_distortion_elastic_transform
augmented_20250214_1853\aug_76.jpg,0.0,
augmented_20250214_1853\aug_77.jpg,0.0,color_jitter_random_perspective_random_affine
augmented_20250214_1853\aug_78.jpg,1.0,
augmented_20250214_1853\aug_79.jpg,1.0,random_flip_random_rotation_color_jitter_random_affine
augmented_20250214_1853\aug_64.jpg,1.0,
augmented_20250214_1853\aug_65.jpg,1.0,random_flip_random_rotation_color_jitter_salt_pepper_contrast_shift
augmented_20250214_1853\aug_66.jpg,0.0,
augmented_20250214_1853\aug_67.jpg,0.0,random_perspective_random_affine_salt_pepper
augmented_20250214_1853\aug_68.jpg,1.0,
augmented_20250214_1853\aug_69.jpg,1.0,random_rotation_color_jitter_random_erasing_salt_pepper
augmented_20250214_1853\aug_70.jpg,1.0,
augmented_20250214_1853\aug_71.jpg,1.0,random_affine_gaussian_blur_grid_distortion
augmented_20250214_1853\aug_72.jpg,1.0,
augmented_20250214_1853\aug_73.jpg,1.0,random_flip_random_rotation_random_perspective_gaussian_blur
augmented_20250214_1853\aug_74.jpg,0.0,
augmented_20250214_1853\aug_75.jpg,0.0,random_flip_color_jitter_random_perspective_salt_pepper
augmented_20250214_1853\aug_76.jpg,1.0,
augmented_20250214_1853\aug_77.jpg,1.0,random_flip_salt_pepper_contrast_shift_random_crop
augmented_20250214_1853\aug_78.jpg,1.0,
augmented_20250214_1853\aug_79.jpg,1.0,random_flip_random_rotation_color_jitter_random_erasing_contrast_shift
augmented_20250214_1853\aug_80.jpg,1.0,
augmented_20250214_1853\aug_81.jpg,1.0,random_rotation_color_jitter_gaussian_blur_contrast_shift
augmented_20250214_1853\aug_82.jpg,1.0,
augmented_20250214_1853\aug_83.jpg,1.0,add_rain_random_crop_mixup
augmented_20250214_1853\aug_84.jpg,0.0,
augmented_20250214_1853\aug_85.jpg,0.0,random_rotation_color_jitter_salt_pepper
augmented_20250214_1853\aug_86.jpg,1.0,
augmented_20250214_1853\aug_87.jpg,1.0,random_flip_random_rotation_color_jitter_gaussian_blur
augmented_20250214_1853\aug_88.jpg,0.0,
augmented_20250214_1853\aug_89.jpg,0.0,random_flip_color_jitter_gaussian_blur_random_erasing
augmented_20250214_1853\aug_90.jpg,1.0,
augmented_20250214_1853\aug_91.jpg,1.0,random_flip_gaussian_blur_salt_pepper
augmented_20250214_1853\aug_92.jpg,0.0,
augmented_20250214_1853\aug_93.jpg,0.0,color_jitter_random_perspective_grid_distortion
augmented_20250214_1853\aug_94.jpg,0.0,
augmented_20250214_1853\aug_95.jpg,0.0,random_flip_random_rotation_random_affine_gaussian_blur
augmented_20250214_1853\aug_80.jpg,0.0,
augmented_20250214_1853\aug_81.jpg,0.0,color_jitter_random_perspective_grid_distortion
augmented_20250214_1853\aug_82.jpg,1.0,
augmented_20250214_1853\aug_83.jpg,1.0,color_jitter_random_perspective_random_affine
augmented_20250214_1853\aug_84.jpg,1.0,
augmented_20250214_1853\aug_85.jpg,1.0,random_affine_gaussian_blur_add_rain
augmented_20250214_1853\aug_86.jpg,1.0,
augmented_20250214_1853\aug_87.jpg,1.0,color_jitter_random_affine
augmented_20250214_1853\aug_88.jpg,1.0,
augmented_20250214_1853\aug_89.jpg,1.0,random_flip_random_rotation_color_jitter_random_crop
augmented_20250214_1853\aug_90.jpg,0.0,
augmented_20250214_1853\aug_91.jpg,0.0,gaussian_blur_grid_distortion_contrast_shift
augmented_20250214_1853\aug_92.jpg,0.0,
augmented_20250214_1853\aug_93.jpg,0.0,
augmented_20250214_1853\aug_94.jpg,0.0,
augmented_20250214_1853\aug_95.jpg,0.0,random_flip_random_rotation_random_perspective_random_affine
augmented_20250214_1853\aug_96.jpg,1.0,
augmented_20250214_1853\aug_97.jpg,1.0,random_erasing_salt_pepper_elastic_transform
augmented_20250214_1853\aug_98.jpg,1.0,
augmented_20250214_1853\aug_99.jpg,1.0,random_rotation_color_jitter_random_affine_gaussian_blur
augmented_20250214_1853\aug_100.jpg,0.0,
augmented_20250214_1853\aug_101.jpg,0.0,random_flip_random_erasing_salt_pepper
augmented_20250214_1853\aug_102.jpg,1.0,
augmented_20250214_1853\aug_103.jpg,1.0,random_flip_random_perspective_random_erasing_add_rain
augmented_20250214_1853\aug_104.jpg,1.0,
augmented_20250214_1853\aug_105.jpg,1.0,random_perspective_gaussian_blur_add_glare
augmented_20250214_1853\aug_106.jpg,0.0,
augmented_20250214_1853\aug_107.jpg,0.0,color_jitter_random_erasing_add_rain
augmented_20250214_1853\aug_108.jpg,1.0,
augmented_20250214_1853\aug_109.jpg,1.0,random_rotation_color_jitter_random_perspective_random_erasing
augmented_20250214_1853\aug_110.jpg,0.0,
augmented_20250214_1853\aug_111.jpg,0.0,random_rotation_color_jitter
augmented_20250214_1853\aug_96.jpg,1.0,
augmented_20250214_1853\aug_97.jpg,1.0,random_flip_color_jitter_gaussian_blur_salt_pepper
augmented_20250214_1853\aug_98.jpg,0.0,
augmented_20250214_1853\aug_99.jpg,0.0,random_flip_random_rotation_random_erasing_salt_pepper
augmented_20250214_1853\aug_100.jpg,1.0,
augmented_20250214_1853\aug_101.jpg,1.0,random_rotation_color_jitter_random_perspective_random_affine
augmented_20250214_1853\aug_102.jpg,0.0,
augmented_20250214_1853\aug_103.jpg,0.09707361595159691,random_flip_color_jitter_gaussian_blur_mixup
augmented_20250214_1853\aug_104.jpg,1.0,
augmented_20250214_1853\aug_105.jpg,1.0,random_flip_random_perspective_grid_distortion
augmented_20250214_1853\aug_106.jpg,1.0,
augmented_20250214_1853\aug_107.jpg,1.0,random_flip_random_rotation_color_jitter_random_affine
augmented_20250214_1853\aug_108.jpg,0.0,
augmented_20250214_1853\aug_109.jpg,0.5,random_flip_random_rotation_color_jitter_mosaic
augmented_20250214_1853\aug_110.jpg,0.0,
augmented_20250214_1853\aug_111.jpg,0.0,random_flip_color_jitter_elastic_transform
augmented_20250214_1853\aug_112.jpg,0.0,
augmented_20250214_1853\aug_113.jpg,0.0,random_rotation_color_jitter_random_erasing
augmented_20250214_1853\aug_114.jpg,0.0,
augmented_20250214_1853\aug_115.jpg,0.0,random_rotation_random_affine_random_erasing
augmented_20250214_1853\aug_116.jpg,0.0,
augmented_20250214_1853\aug_117.jpg,0.0,random_flip_color_jitter_elastic_transform
augmented_20250214_1853\aug_118.jpg,0.0,
augmented_20250214_1853\aug_119.jpg,0.0,random_flip_color_jitter_gaussian_blur_add_rain
augmented_20250214_1853\aug_120.jpg,0.0,
augmented_20250214_1853\aug_121.jpg,0.0,color_jitter_random_perspective_contrast_shift
augmented_20250214_1853\aug_122.jpg,0.0,
augmented_20250214_1853\aug_123.jpg,0.0,color_jitter_random_affine_random_erasing
augmented_20250214_1853\aug_124.jpg,1.0,
augmented_20250214_1853\aug_125.jpg,1.0,random_flip_random_rotation_color_jitter_gaussian_blur
augmented_20250214_1853\aug_126.jpg,1.0,
augmented_20250214_1853\aug_127.jpg,1.0,random_rotation_color_jitter_random_affine_gaussian_blur
augmented_20250214_1853\aug_112.jpg,0.0,
augmented_20250214_1853\aug_113.jpg,0.0,color_jitter_random_perspective_random_affine
augmented_20250214_1853\aug_114.jpg,1.0,
augmented_20250214_1853\aug_115.jpg,1.0,random_flip_random_rotation_color_jitter_grid_distortion
augmented_20250214_1853\aug_116.jpg,1.0,
augmented_20250214_1853\aug_117.jpg,1.0,random_flip_gaussian_blur_random_erasing
augmented_20250214_1853\aug_118.jpg,0.0,
augmented_20250214_1853\aug_119.jpg,0.0,color_jitter_random_perspective_grid_distortion
augmented_20250214_1853\aug_120.jpg,1.0,
augmented_20250214_1853\aug_121.jpg,1.0,random_rotation_color_jitter_random_affine_add_rain
augmented_20250214_1853\aug_122.jpg,1.0,
augmented_20250214_1853\aug_123.jpg,1.0,random_flip_random_rotation_color_jitter_random_affine
augmented_20250214_1853\aug_124.jpg,0.0,
augmented_20250214_1853\aug_125.jpg,0.0,random_rotation_elastic_transform_contrast_shift
augmented_20250214_1853\aug_126.jpg,1.0,
augmented_20250214_1853\aug_127.jpg,1.0,random_flip_color_jitter_random_affine_grid_distortion
augmented_20250214_1853\aug_128.jpg,1.0,
augmented_20250214_1853\aug_129.jpg,1.0,random_rotation_color_jitter_random_crop
augmented_20250214_1853\aug_130.jpg,0.0,
augmented_20250214_1853\aug_131.jpg,0.5,random_flip_add_rain_mosaic
augmented_20250214_1853\aug_132.jpg,0.0,
augmented_20250214_1853\aug_133.jpg,0.0,random_flip_random_rotation_color_jitter_random_crop
augmented_20250214_1853\aug_134.jpg,0.0,
augmented_20250214_1853\aug_135.jpg,0.0,random_rotation_random_perspective_random_erasing
augmented_20250214_1853\aug_136.jpg,0.0,
augmented_20250214_1853\aug_137.jpg,0.0,color_jitter_random_affine_gaussian_blur
augmented_20250214_1853\aug_138.jpg,0.0,
augmented_20250214_1853\aug_139.jpg,0.0,random_flip_color_jitter_random_affine_salt_pepper
augmented_20250214_1853\aug_140.jpg,0.0,
augmented_20250214_1853\aug_141.jpg,0.0,add_glare_contrast_shift_random_crop
augmented_20250214_1853\aug_142.jpg,1.0,
augmented_20250214_1853\aug_143.jpg,1.0,color_jitter_random_perspective_gaussian_blur_contrast_shift
augmented_20250214_1853\aug_128.jpg,1.0,
augmented_20250214_1853\aug_129.jpg,1.0,random_flip_random_rotation_color_jitter_add_glare_contrast_shift
augmented_20250214_1853\aug_130.jpg,1.0,
augmented_20250214_1853\aug_131.jpg,1.0,random_rotation_color_jitter_random_erasing_salt_pepper
augmented_20250214_1853\aug_132.jpg,1.0,
augmented_20250214_1853\aug_133.jpg,0.24088102378952828,random_flip_random_perspective_mixup
augmented_20250214_1853\aug_134.jpg,1.0,
augmented_20250214_1853\aug_135.jpg,1.0,random_flip_random_rotation_color_jitter_random_perspective
augmented_20250214_1853\aug_136.jpg,1.0,
augmented_20250214_1853\aug_137.jpg,1.0,gaussian_blur_salt_pepper_mixup
augmented_20250214_1853\aug_138.jpg,1.0,
augmented_20250214_1853\aug_139.jpg,1.0,random_flip_contrast_shift
augmented_20250214_1853\aug_140.jpg,0.0,
augmented_20250214_1853\aug_141.jpg,0.0,color_jitter_salt_pepper_elastic_transform
augmented_20250214_1853\aug_142.jpg,1.0,
augmented_20250214_1853\aug_143.jpg,1.0,random_rotation_random_perspective_random_crop
augmented_20250214_1853\aug_144.jpg,0.0,
augmented_20250214_1853\aug_145.jpg,0.0,color_jitter_salt_pepper_grid_distortion
augmented_20250214_1853\aug_146.jpg,1.0,
augmented_20250214_1853\aug_147.jpg,1.0,random_flip_random_affine_gaussian_blur_salt_pepper
augmented_20250214_1853\aug_148.jpg,0.0,
augmented_20250214_1853\aug_149.jpg,0.0,color_jitter_random_affine_add_glare_contrast_shift
augmented_20250214_1853\aug_150.jpg,0.0,
augmented_20250214_1853\aug_151.jpg,0.0,random_rotation_random_perspective_random_erasing
augmented_20250214_1853\aug_152.jpg,0.0,
augmented_20250214_1853\aug_153.jpg,0.0,color_jitter_random_affine_random_erasing
augmented_20250214_1853\aug_154.jpg,0.0,
augmented_20250214_1853\aug_155.jpg,0.0,random_flip_color_jitter_random_affine_gaussian_blur
augmented_20250214_1853\aug_156.jpg,1.0,
augmented_20250214_1853\aug_157.jpg,1.0,random_flip_random_rotation_color_jitter_gaussian_blur
augmented_20250214_1853\aug_158.jpg,0.0,
augmented_20250214_1853\aug_159.jpg,0.0,random_rotation_random_perspective_random_erasing
augmented_20250214_1853\aug_144.jpg,0.0,
augmented_20250214_1853\aug_145.jpg,0.5,random_perspective_random_crop_mosaic
augmented_20250214_1853\aug_146.jpg,1.0,
augmented_20250214_1853\aug_147.jpg,1.0,color_jitter_random_affine_random_erasing_contrast_shift
augmented_20250214_1853\aug_148.jpg,1.0,
augmented_20250214_1853\aug_149.jpg,1.0,random_flip_random_rotation_random_erasing_grid_distortion
augmented_20250214_1853\aug_150.jpg,1.0,
augmented_20250214_1853\aug_151.jpg,1.0,random_flip_random_rotation_color_jitter_random_affine
augmented_20250214_1853\aug_152.jpg,0.0,
augmented_20250214_1853\aug_153.jpg,0.0,random_rotation_gaussian_blur
augmented_20250214_1853\aug_154.jpg,1.0,
augmented_20250214_1853\aug_155.jpg,1.0,random_flip_random_rotation_color_jitter_random_perspective
augmented_20250214_1853\aug_156.jpg,1.0,
augmented_20250214_1853\aug_157.jpg,1.0,random_flip_random_rotation_add_rain_contrast_shift
augmented_20250214_1853\aug_158.jpg,0.0,
augmented_20250214_1853\aug_159.jpg,0.0,random_flip_random_rotation_random_erasing_random_crop
augmented_20250214_1853\aug_160.jpg,1.0,
augmented_20250214_1853\aug_161.jpg,1.0,random_flip_random_rotation_color_jitter_random_affine_contrast_shift
augmented_20250214_1853\aug_162.jpg,0.0,
augmented_20250214_1853\aug_163.jpg,0.0,random_flip_random_rotation_random_affine_salt_pepper
augmented_20250214_1853\aug_164.jpg,0.0,
augmented_20250214_1853\aug_165.jpg,0.0,random_rotation_contrast_shift
augmented_20250214_1853\aug_166.jpg,0.0,
augmented_20250214_1853\aug_167.jpg,0.0,random_flip_color_jitter_random_perspective_add_glare
augmented_20250214_1853\aug_168.jpg,0.0,
augmented_20250214_1853\aug_169.jpg,0.0,random_flip_color_jitter_random_perspective_random_affine
augmented_20250214_1853\aug_170.jpg,0.0,
augmented_20250214_1853\aug_171.jpg,0.5,random_flip_add_glare_contrast_shift_mosaic
augmented_20250214_1853\aug_172.jpg,1.0,
augmented_20250214_1853\aug_173.jpg,1.0,random_perspective_elastic_transform_random_crop
augmented_20250214_1853\aug_174.jpg,1.0,
augmented_20250214_1853\aug_175.jpg,0.29061485292421335,random_flip_gaussian_blur_mixup
augmented_20250214_1853\aug_160.jpg,1.0,
augmented_20250214_1853\aug_161.jpg,1.0,random_flip_mixup
augmented_20250214_1853\aug_162.jpg,1.0,
augmented_20250214_1853\aug_163.jpg,0.578670835195502,random_flip_salt_pepper_mixup
augmented_20250214_1853\aug_164.jpg,1.0,
augmented_20250214_1853\aug_165.jpg,1.0,random_flip_random_rotation_grid_distortion
augmented_20250214_1853\aug_166.jpg,1.0,
augmented_20250214_1853\aug_167.jpg,1.0,random_flip_random_rotation_color_jitter_random_crop
augmented_20250214_1853\aug_168.jpg,1.0,
augmented_20250214_1853\aug_169.jpg,1.0,random_flip_random_rotation_random_perspective_random_affine
augmented_20250214_1853\aug_170.jpg,1.0,
augmented_20250214_1853\aug_171.jpg,1.0,random_flip_color_jitter_salt_pepper_grid_distortion
augmented_20250214_1853\aug_172.jpg,0.0,
augmented_20250214_1853\aug_173.jpg,0.0,random_rotation_color_jitter_random_perspective_salt_pepper
augmented_20250214_1853\aug_174.jpg,0.0,
augmented_20250214_1853\aug_175.jpg,0.0,random_flip_random_rotation_color_jitter_random_perspective
augmented_20250214_1853\aug_176.jpg,0.0,
augmented_20250214_1853\aug_177.jpg,0.0,gaussian_blur_random_erasing_elastic_transform
augmented_20250214_1853\aug_178.jpg,1.0,
augmented_20250214_1853\aug_179.jpg,1.0,random_flip_color_jitter_random_perspective_random_affine
augmented_20250214_1853\aug_180.jpg,1.0,
augmented_20250214_1853\aug_181.jpg,1.0,gaussian_blur_elastic_transform_add_rain
augmented_20250214_1853\aug_182.jpg,0.0,
augmented_20250214_1853\aug_183.jpg,0.0,gaussian_blur_elastic_transform
augmented_20250214_1853\aug_184.jpg,1.0,
augmented_20250214_1853\aug_185.jpg,1.0,random_rotation_color_jitter_random_perspective_contrast_shift
augmented_20250214_1853\aug_186.jpg,1.0,
augmented_20250214_1853\aug_187.jpg,1.0,random_flip_random_perspective_add_rain_contrast_shift
augmented_20250214_1853\aug_188.jpg,0.0,
augmented_20250214_1853\aug_189.jpg,0.0,color_jitter_random_affine_gaussian_blur
augmented_20250214_1853\aug_190.jpg,0.0,
augmented_20250214_1853\aug_191.jpg,0.0,random_flip_random_rotation_salt_pepper_elastic_transform
augmented_20250214_1853\aug_176.jpg,1.0,
augmented_20250214_1853\aug_177.jpg,1.0,random_flip_random_rotation_grid_distortion
augmented_20250214_1853\aug_178.jpg,0.0,
augmented_20250214_1853\aug_179.jpg,0.0,random_flip_random_affine_elastic_transform
augmented_20250214_1853\aug_180.jpg,0.0,
augmented_20250214_1853\aug_181.jpg,0.0,random_rotation_color_jitter_random_perspective_gaussian_blur
augmented_20250214_1853\aug_182.jpg,1.0,
augmented_20250214_1853\aug_183.jpg,1.0,random_flip_random_rotation_color_jitter_random_affine
augmented_20250214_1853\aug_184.jpg,0.0,
augmented_20250214_1853\aug_185.jpg,0.0,random_rotation_color_jitter_random_perspective_random_erasing
augmented_20250214_1853\aug_186.jpg,1.0,
augmented_20250214_1853\aug_187.jpg,1.0,random_flip_color_jitter_salt_pepper_grid_distortion
augmented_20250214_1853\aug_188.jpg,1.0,
augmented_20250214_1853\aug_189.jpg,1.0,random_rotation_random_perspective_elastic_transform
augmented_20250214_1853\aug_190.jpg,1.0,
augmented_20250214_1853\aug_191.jpg,1.0,random_flip_random_rotation_color_jitter_gaussian_blur
augmented_20250214_1853\aug_192.jpg,1.0,
augmented_20250214_1853\aug_193.jpg,1.0,random_affine_gaussian_blur_salt_pepper
augmented_20250214_1853\aug_194.jpg,0.0,
augmented_20250214_1853\aug_195.jpg,0.0,random_flip_gaussian_blur_elastic_transform_contrast_shift
augmented_20250214_1853\aug_196.jpg,0.0,
augmented_20250214_1853\aug_197.jpg,0.0,random_flip_color_jitter_add_rain_add_glare
augmented_20250214_1853\aug_198.jpg,1.0,
augmented_20250214_1853\aug_199.jpg,1.0,random_flip_random_rotation_random_perspective_gaussian_blur
augmented_20250214_1853\aug_200.jpg,0.0,
augmented_20250214_1853\aug_201.jpg,0.0,random_rotation_grid_distortion_random_crop
augmented_20250214_1853\aug_202.jpg,1.0,
augmented_20250214_1853\aug_203.jpg,1.0,random_flip_color_jitter_gaussian_blur_contrast_shift
augmented_20250214_1853\aug_204.jpg,0.0,
augmented_20250214_1853\aug_205.jpg,0.0,random_flip_color_jitter_random_perspective_random_erasing
augmented_20250214_1853\aug_206.jpg,1.0,
augmented_20250214_1853\aug_207.jpg,1.0,random_flip_random_rotation_color_jitter_grid_distortion
augmented_20250214_1853\aug_192.jpg,1.0,
augmented_20250214_1853\aug_193.jpg,0.75,random_rotation_random_crop_mosaic
augmented_20250214_1853\aug_194.jpg,0.0,
augmented_20250214_1853\aug_195.jpg,0.0,grid_distortion_contrast_shift
augmented_20250214_1853\aug_196.jpg,1.0,
augmented_20250214_1853\aug_197.jpg,1.0,random_flip_random_rotation_gaussian_blur_add_rain
augmented_20250214_1853\aug_198.jpg,1.0,
augmented_20250214_1853\aug_199.jpg,1.0,color_jitter_random_affine_mixup
augmented_20250214_1853\aug_200.jpg,1.0,
augmented_20250214_1853\aug_201.jpg,1.0,random_rotation_salt_pepper_elastic_transform
augmented_20250214_1853\aug_202.jpg,1.0,
augmented_20250214_1853\aug_203.jpg,1.0,random_rotation_gaussian_blur_random_erasing
augmented_20250214_1853\aug_204.jpg,1.0,
augmented_20250214_1853\aug_205.jpg,1.0,random_rotation_salt_pepper
augmented_20250214_1853\aug_206.jpg,1.0,
augmented_20250214_1853\aug_207.jpg,0.5,random_flip_color_jitter_random_crop_mosaic
augmented_20250214_1853\aug_208.jpg,1.0,
augmented_20250214_1853\aug_209.jpg,0.5449819133339446,random_affine_random_erasing_mixup
augmented_20250214_1853\aug_210.jpg,1.0,
augmented_20250214_1853\aug_211.jpg,1.0,elastic_transform_add_rain_contrast_shift
augmented_20250214_1853\aug_212.jpg,1.0,
augmented_20250214_1853\aug_213.jpg,1.0,color_jitter_random_perspective_gaussian_blur_contrast_shift
augmented_20250214_1853\aug_214.jpg,0.0,
augmented_20250214_1853\aug_215.jpg,0.0,random_perspective_elastic_transform
augmented_20250214_1853\aug_216.jpg,1.0,
augmented_20250214_1853\aug_217.jpg,1.0,color_jitter_gaussian_blur_salt_pepper
augmented_20250214_1853\aug_218.jpg,0.0,
augmented_20250214_1853\aug_219.jpg,0.0,random_flip_random_rotation_random_perspective_random_erasing
augmented_20250214_1853\aug_220.jpg,0.0,
augmented_20250214_1853\aug_221.jpg,0.0,gaussian_blur_contrast_shift
augmented_20250214_1853\aug_222.jpg,0.0,
augmented_20250214_1853\aug_223.jpg,0.0,random_perspective_gaussian_blur_elastic_transform
augmented_20250214_1853\aug_208.jpg,1.0,
augmented_20250214_1853\aug_209.jpg,1.0,random_flip_random_erasing_elastic_transform
augmented_20250214_1853\aug_210.jpg,1.0,
augmented_20250214_1853\aug_211.jpg,1.0,random_rotation_random_affine_add_rain_contrast_shift
augmented_20250214_1853\aug_212.jpg,1.0,
augmented_20250214_1853\aug_213.jpg,1.0,random_flip_random_rotation_color_jitter_add_rain
augmented_20250214_1853\aug_214.jpg,0.0,
augmented_20250214_1853\aug_215.jpg,0.0,random_rotation_random_perspective_random_erasing_contrast_shift
augmented_20250214_1853\aug_216.jpg,0.0,
augmented_20250214_1853\aug_217.jpg,0.0,random_flip_color_jitter_grid_distortion_add_rain
augmented_20250214_1853\aug_218.jpg,0.0,
augmented_20250214_1853\aug_219.jpg,0.0,random_flip_random_perspective_random_erasing_salt_pepper
augmented_20250214_1853\aug_220.jpg,0.0,
augmented_20250214_1853\aug_221.jpg,0.0,color_jitter_random_affine_gaussian_blur_contrast_shift
augmented_20250214_1853\aug_222.jpg,1.0,
augmented_20250214_1853\aug_223.jpg,1.0,color_jitter_random_erasing_mixup
augmented_20250214_1853\aug_224.jpg,0.0,
augmented_20250214_1853\aug_225.jpg,0.0,random_flip_random_rotation_random_perspective_salt_pepper
augmented_20250214_1853\aug_226.jpg,1.0,
augmented_20250214_1853\aug_227.jpg,1.0,random_rotation_random_crop
augmented_20250214_1853\aug_228.jpg,0.0,
augmented_20250214_1853\aug_229.jpg,0.0,random_flip_random_erasing_elastic_transform
augmented_20250214_1853\aug_230.jpg,0.0,
augmented_20250214_1853\aug_231.jpg,0.0,random_flip_random_rotation_color_jitter_random_affine
augmented_20250214_1853\aug_232.jpg,1.0,
augmented_20250214_1853\aug_233.jpg,1.0,random_rotation_random_perspective
augmented_20250214_1853\aug_234.jpg,0.0,
augmented_20250214_1853\aug_235.jpg,0.0,color_jitter_random_perspective_random_affine
augmented_20250214_1853\aug_236.jpg,1.0,
augmented_20250214_1853\aug_237.jpg,1.0,random_flip_random_rotation_random_perspective_random_affine
augmented_20250214_1853\aug_238.jpg,0.0,
augmented_20250214_1853\aug_239.jpg,0.0,random_flip_random_perspective_random_affine_random_crop
augmented_20250214_1853\aug_224.jpg,0.0,
augmented_20250214_1853\aug_225.jpg,0.0,random_rotation_color_jitter_random_affine_random_erasing
augmented_20250214_1853\aug_226.jpg,0.0,
augmented_20250214_1853\aug_227.jpg,0.0,color_jitter_random_affine_contrast_shift
augmented_20250214_1853\aug_228.jpg,0.0,
augmented_20250214_1853\aug_229.jpg,0.0,random_rotation_random_erasing_salt_pepper
augmented_20250214_1853\aug_230.jpg,0.0,
augmented_20250214_1853\aug_231.jpg,0.0,color_jitter_random_perspective_grid_distortion
augmented_20250214_1853\aug_232.jpg,0.0,
augmented_20250214_1853\aug_233.jpg,0.0,random_rotation_random_erasing
augmented_20250214_1853\aug_234.jpg,1.0,
augmented_20250214_1853\aug_235.jpg,1.0,random_flip_random_rotation_color_jitter_salt_pepper
augmented_20250214_1853\aug_236.jpg,0.0,
augmented_20250214_1853\aug_237.jpg,0.0,random_flip_random_rotation_color_jitter_contrast_shift
augmented_20250214_1853\aug_238.jpg,1.0,
augmented_20250214_1853\aug_239.jpg,1.0,random_flip_random_perspective_random_affine_gaussian_blur
augmented_20250214_1853\aug_240.jpg,0.0,
augmented_20250214_1853\aug_241.jpg,0.0,random_flip_random_rotation_color_jitter_salt_pepper_contrast_shift
augmented_20250214_1853\aug_242.jpg,1.0,
augmented_20250214_1853\aug_243.jpg,1.0,random_flip
augmented_20250214_1853\aug_244.jpg,0.0,
augmented_20250214_1853\aug_245.jpg,0.0,random_flip_random_rotation_color_jitter_random_erasing_contrast_shift
augmented_20250214_1853\aug_246.jpg,0.0,
augmented_20250214_1853\aug_247.jpg,0.0,random_flip_color_jitter_gaussian_blur_add_rain
augmented_20250214_1853\aug_248.jpg,1.0,
augmented_20250214_1853\aug_249.jpg,1.0,random_rotation_color_jitter_elastic_transform
augmented_20250214_1853\aug_250.jpg,1.0,
augmented_20250214_1853\aug_251.jpg,1.0,random_flip_random_perspective_random_affine_random_erasing
augmented_20250214_1853\aug_252.jpg,1.0,
augmented_20250214_1853\aug_253.jpg,1.0,random_flip_color_jitter_random_perspective_salt_pepper
augmented_20250214_1853\aug_254.jpg,1.0,
augmented_20250214_1853\aug_255.jpg,1.0,random_flip_color_jitter_random_perspective_random_affine
augmented_20250214_1853\aug_240.jpg,1.0,
augmented_20250214_1853\aug_241.jpg,1.0,random_flip_random_rotation_contrast_shift
augmented_20250214_1853\aug_242.jpg,1.0,
augmented_20250214_1853\aug_243.jpg,1.0,random_flip_random_rotation_color_jitter_gaussian_blur
augmented_20250214_1853\aug_244.jpg,1.0,
augmented_20250214_1853\aug_245.jpg,1.0,random_rotation_gaussian_blur_salt_pepper
augmented_20250214_1853\aug_246.jpg,1.0,
augmented_20250214_1853\aug_247.jpg,1.0,random_flip_random_rotation_color_jitter_random_perspective_contrast_shift
augmented_20250214_1853\aug_248.jpg,0.0,
augmented_20250214_1853\aug_249.jpg,0.0,color_jitter_random_perspective_random_affine_contrast_shift
augmented_20250214_1853\aug_250.jpg,1.0,
augmented_20250214_1853\aug_251.jpg,1.0,random_flip_random_rotation_color_jitter_random_affine
augmented_20250214_1853\aug_252.jpg,1.0,
augmented_20250214_1853\aug_253.jpg,0.25,random_rotation_mixup_mosaic
augmented_20250214_1853\aug_254.jpg,0.0,
augmented_20250214_1853\aug_255.jpg,0.0,color_jitter_random_affine_add_rain
augmented_20250214_1853\aug_256.jpg,0.0,
augmented_20250214_1853\aug_257.jpg,0.0,random_rotation_color_jitter_contrast_shift_random_crop
augmented_20250214_1853\aug_258.jpg,1.0,
augmented_20250214_1853\aug_259.jpg,1.0,random_flip_random_rotation_gaussian_blur_salt_pepper
augmented_20250214_1853\aug_260.jpg,0.0,
augmented_20250214_1853\aug_261.jpg,0.0,random_flip_color_jitter_gaussian_blur_random_erasing
augmented_20250214_1853\aug_262.jpg,0.0,
augmented_20250214_1853\aug_263.jpg,0.0,random_flip_gaussian_blur_salt_pepper
augmented_20250214_1853\aug_264.jpg,1.0,
augmented_20250214_1853\aug_265.jpg,1.0,random_perspective_gaussian_blur_salt_pepper
augmented_20250214_1853\aug_266.jpg,0.0,
augmented_20250214_1853\aug_267.jpg,0.0,random_flip_gaussian_blur_salt_pepper_random_crop
augmented_20250214_1853\aug_268.jpg,0.0,
augmented_20250214_1853\aug_269.jpg,0.0,random_rotation_color_jitter_elastic_transform_contrast_shift
augmented_20250214_1853\aug_270.jpg,0.0,
augmented_20250214_1853\aug_271.jpg,0.0,random_rotation_elastic_transform
augmented_20250214_1853\aug_256.jpg,1.0,
augmented_20250214_1853\aug_257.jpg,1.0,salt_pepper_add_rain_random_crop
augmented_20250214_1853\aug_258.jpg,1.0,
augmented_20250214_1853\aug_259.jpg,1.0,random_flip_random_rotation_random_perspective_gaussian_blur
augmented_20250214_1853\aug_260.jpg,0.0,
augmented_20250214_1853\aug_261.jpg,0.02765082591717949,random_flip_color_jitter_mixup
augmented_20250214_1853\aug_262.jpg,0.0,
augmented_20250214_1853\aug_263.jpg,0.0,color_jitter_random_perspective_gaussian_blur
augmented_20250214_1853\aug_264.jpg,0.0,
augmented_20250214_1853\aug_265.jpg,0.0,random_affine
augmented_20250214_1853\aug_266.jpg,0.0,
augmented_20250214_1853\aug_267.jpg,0.0,random_flip_random_affine_contrast_shift_random_crop
augmented_20250214_1853\aug_268.jpg,1.0,
augmented_20250214_1853\aug_269.jpg,1.0,random_flip_color_jitter_random_affine_random_crop
augmented_20250214_1853\aug_270.jpg,1.0,
augmented_20250214_1853\aug_271.jpg,1.0,random_flip_color_jitter_random_perspective_salt_pepper
augmented_20250214_1853\aug_272.jpg,1.0,
augmented_20250214_1853\aug_273.jpg,1.0,random_rotation_add_rain
augmented_20250214_1853\aug_274.jpg,1.0,
augmented_20250214_1853\aug_275.jpg,1.0,random_rotation_salt_pepper_random_crop
augmented_20250214_1853\aug_276.jpg,0.0,
augmented_20250214_1853\aug_277.jpg,0.0,random_flip_random_rotation_color_jitter_gaussian_blur
augmented_20250214_1853\aug_278.jpg,1.0,
augmented_20250214_1853\aug_279.jpg,1.0,random_rotation_color_jitter_random_erasing_random_crop
augmented_20250214_1853\aug_280.jpg,1.0,
augmented_20250214_1853\aug_281.jpg,1.0,color_jitter_random_affine_random_erasing_contrast_shift
augmented_20250214_1853\aug_282.jpg,1.0,
augmented_20250214_1853\aug_283.jpg,1.0,random_rotation_color_jitter_gaussian_blur
augmented_20250214_1853\aug_284.jpg,0.0,
augmented_20250214_1853\aug_285.jpg,0.0,random_flip_random_rotation_color_jitter_random_affine_contrast_shift
augmented_20250214_1853\aug_286.jpg,1.0,
augmented_20250214_1853\aug_287.jpg,1.0,random_erasing_salt_pepper_add_glare
augmented_20250214_1853\aug_272.jpg,0.0,
augmented_20250214_1853\aug_273.jpg,0.0,random_flip_color_jitter_random_erasing_salt_pepper
augmented_20250214_1853\aug_274.jpg,0.0,
augmented_20250214_1853\aug_275.jpg,0.0,random_flip_random_rotation_random_crop
augmented_20250214_1853\aug_276.jpg,0.0,
augmented_20250214_1853\aug_277.jpg,0.0,random_rotation_color_jitter_add_glare_contrast_shift
augmented_20250214_1853\aug_278.jpg,0.0,
augmented_20250214_1853\aug_279.jpg,0.0,random_rotation_color_jitter_add_glare_contrast_shift
augmented_20250214_1853\aug_280.jpg,1.0,
augmented_20250214_1853\aug_281.jpg,1.0,random_affine_gaussian_blur_random_erasing
augmented_20250214_1853\aug_282.jpg,1.0,
augmented_20250214_1853\aug_283.jpg,1.0,random_flip_random_rotation_gaussian_blur_salt_pepper
augmented_20250214_1853\aug_284.jpg,1.0,
augmented_20250214_1853\aug_285.jpg,1.0,random_flip_add_glare_contrast_shift
augmented_20250214_1853\aug_286.jpg,1.0,
augmented_20250214_1853\aug_287.jpg,1.0,random_flip_random_perspective_salt_pepper_contrast_shift
augmented_20250214_1853\aug_288.jpg,0.0,
augmented_20250214_1853\aug_289.jpg,0.0,random_rotation_random_perspective_gaussian_blur
augmented_20250214_1853\aug_290.jpg,1.0,
augmented_20250214_1853\aug_291.jpg,1.0,random_flip_random_rotation_random_affine_random_erasing
augmented_20250214_1853\aug_292.jpg,1.0,
augmented_20250214_1853\aug_293.jpg,1.0,random_flip_random_rotation_color_jitter_gaussian_blur_contrast_shift
augmented_20250214_1853\aug_294.jpg,1.0,
augmented_20250214_1853\aug_295.jpg,0.25,random_flip_color_jitter_random_crop_mosaic
augmented_20250214_1853\aug_296.jpg,1.0,
augmented_20250214_1853\aug_297.jpg,1.0,random_flip_random_rotation_color_jitter_random_perspective
augmented_20250214_1853\aug_298.jpg,0.0,
augmented_20250214_1853\aug_299.jpg,0.0,color_jitter_random_perspective_add_rain_contrast_shift
augmented_20250214_1853\aug_300.jpg,0.0,
augmented_20250214_1853\aug_301.jpg,0.0,random_flip_random_rotation_color_jitter_random_erasing
augmented_20250214_1853\aug_302.jpg,1.0,
augmented_20250214_1853\aug_303.jpg,1.0,color_jitter_salt_pepper_elastic_transform
augmented_20250214_1853\aug_288.jpg,0.0,
augmented_20250214_1853\aug_289.jpg,0.0,random_flip_random_rotation_color_jitter_random_affine_contrast_shift
augmented_20250214_1853\aug_290.jpg,0.0,
augmented_20250214_1853\aug_291.jpg,0.0,color_jitter_salt_pepper_grid_distortion
augmented_20250214_1853\aug_292.jpg,0.0,
augmented_20250214_1853\aug_293.jpg,0.0,random_flip_gaussian_blur_add_rain_add_glare
augmented_20250214_1853\aug_294.jpg,1.0,
augmented_20250214_1853\aug_295.jpg,1.0,random_flip_color_jitter_random_perspective_elastic_transform
augmented_20250214_1853\aug_296.jpg,1.0,
augmented_20250214_1853\aug_297.jpg,1.0,random_flip_random_rotation_color_jitter_random_perspective
augmented_20250214_1853\aug_298.jpg,0.0,
augmented_20250214_1853\aug_299.jpg,0.0,color_jitter_random_perspective_random_erasing
augmented_20250214_1853\aug_300.jpg,1.0,
augmented_20250214_1853\aug_301.jpg,1.0,random_flip_random_perspective_random_affine_gaussian_blur
augmented_20250214_1853\aug_302.jpg,0.0,
augmented_20250214_1853\aug_303.jpg,0.0,random_rotation_gaussian_blur_elastic_transform
augmented_20250214_1853\aug_304.jpg,0.0,
augmented_20250214_1853\aug_305.jpg,0.0,salt_pepper_add_rain_mixup
augmented_20250214_1853\aug_306.jpg,0.0,
augmented_20250214_1853\aug_307.jpg,0.0,random_flip_random_rotation_random_erasing_add_rain
augmented_20250214_1853\aug_308.jpg,0.0,
augmented_20250214_1853\aug_309.jpg,0.0,random_flip_random_rotation_color_jitter_random_affine_contrast_shift
augmented_20250214_1853\aug_310.jpg,0.0,
augmented_20250214_1853\aug_311.jpg,0.0,random_flip_random_rotation_color_jitter_random_affine_contrast_shift
augmented_20250214_1853\aug_312.jpg,1.0,
augmented_20250214_1853\aug_313.jpg,1.0,random_rotation_random_affine_mixup
augmented_20250214_1853\aug_314.jpg,0.0,
augmented_20250214_1853\aug_315.jpg,0.0,random_perspective_random_affine_gaussian_blur
augmented_20250214_1853\aug_316.jpg,0.0,
augmented_20250214_1853\aug_317.jpg,0.0,random_flip_color_jitter_random_perspective_random_affine
augmented_20250214_1853\aug_318.jpg,1.0,
augmented_20250214_1853\aug_319.jpg,1.0,random_rotation_add_rain_mixup
augmented_20250214_1853\aug_304.jpg,0.0,
augmented_20250214_1853\aug_305.jpg,0.0,random_flip_random_rotation_color_jitter_salt_pepper
augmented_20250214_1853\aug_306.jpg,1.0,
augmented_20250214_1853\aug_307.jpg,1.0,random_rotation_color_jitter_random_perspective_salt_pepper
augmented_20250214_1853\aug_308.jpg,0.0,
augmented_20250214_1853\aug_309.jpg,0.0,random_flip_color_jitter_grid_distortion_add_rain
augmented_20250214_1853\aug_310.jpg,1.0,
augmented_20250214_1853\aug_311.jpg,1.0,random_rotation_color_jitter_contrast_shift_random_crop
augmented_20250214_1853\aug_312.jpg,1.0,
augmented_20250214_1853\aug_313.jpg,1.0,color_jitter_random_affine_gaussian_blur
augmented_20250214_1853\aug_314.jpg,0.0,
augmented_20250214_1853\aug_315.jpg,0.0,random_rotation_color_jitter_random_perspective_gaussian_blur
augmented_20250214_1853\aug_316.jpg,1.0,
augmented_20250214_1853\aug_317.jpg,1.0,random_rotation_color_jitter_gaussian_blur_random_crop
augmented_20250214_1853\aug_318.jpg,1.0,
augmented_20250214_1853\aug_319.jpg,1.0,random_flip_salt_pepper_elastic_transform
augmented_20250214_1853\aug_320.jpg,0.0,
augmented_20250214_1853\aug_321.jpg,0.0,salt_pepper_grid_distortion
augmented_20250214_1853\aug_322.jpg,0.0,
augmented_20250214_1853\aug_323.jpg,0.0,random_flip_color_jitter_random_erasing_salt_pepper
augmented_20250214_1853\aug_324.jpg,0.0,
augmented_20250214_1853\aug_325.jpg,0.0,gaussian_blur_salt_pepper_mixup
augmented_20250214_1853\aug_326.jpg,0.0,
augmented_20250214_1853\aug_327.jpg,0.0,color_jitter_salt_pepper_grid_distortion
augmented_20250214_1853\aug_328.jpg,0.0,
augmented_20250214_1853\aug_329.jpg,0.0,random_flip_random_perspective_gaussian_blur_salt_pepper
augmented_20250214_1853\aug_330.jpg,1.0,
augmented_20250214_1853\aug_331.jpg,1.0,random_rotation_gaussian_blur
augmented_20250214_1853\aug_332.jpg,1.0,
augmented_20250214_1853\aug_333.jpg,0.5,random_rotation_contrast_shift_mosaic
augmented_20250214_1853\aug_334.jpg,0.0,
augmented_20250214_1853\aug_335.jpg,0.0,random_rotation_color_jitter_random_affine_contrast_shift
augmented_20250214_1853\aug_320.jpg,0.0,
augmented_20250214_1853\aug_321.jpg,0.0,random_flip_random_rotation_grid_distortion_add_glare
augmented_20250214_1853\aug_322.jpg,1.0,
augmented_20250214_1853\aug_323.jpg,1.0,color_jitter_gaussian_blur_random_erasing_contrast_shift
augmented_20250214_1853\aug_324.jpg,1.0,
augmented_20250214_1853\aug_325.jpg,1.0,random_rotation_color_jitter_gaussian_blur
augmented_20250214_1853\aug_326.jpg,0.0,
augmented_20250214_1853\aug_327.jpg,0.0,random_rotation_salt_pepper_grid_distortion
augmented_20250214_1853\aug_328.jpg,0.0,
augmented_20250214_1853\aug_329.jpg,0.0,random_perspective_gaussian_blur_random_erasing
augmented_20250214_1853\aug_330.jpg,1.0,
augmented_20250214_1853\aug_331.jpg,1.0,random_rotation_random_affine_gaussian_blur_contrast_shift
augmented_20250214_1853\aug_332.jpg,1.0,
augmented_20250214_1853\aug_333.jpg,1.0,random_flip_random_perspective_random_erasing_salt_pepper
augmented_20250214_1853\aug_334.jpg,0.0,
augmented_20250214_1853\aug_335.jpg,0.0,random_flip_random_rotation_color_jitter_gaussian_blur
augmented_20250214_1853\aug_336.jpg,1.0,
augmented_20250214_1853\aug_337.jpg,1.0,random_flip_color_jitter_gaussian_blur_random_crop
augmented_20250214_1853\aug_338.jpg,0.0,
augmented_20250214_1853\aug_339.jpg,0.0,random_flip_random_rotation_gaussian_blur_random_erasing
augmented_20250214_1853\aug_340.jpg,1.0,
augmented_20250214_1853\aug_341.jpg,1.0,random_perspective_random_erasing_contrast_shift
augmented_20250214_1853\aug_342.jpg,1.0,
augmented_20250214_1853\aug_343.jpg,1.0,random_flip_random_affine_random_erasing_add_glare
augmented_20250214_1853\aug_344.jpg,1.0,
augmented_20250214_1853\aug_345.jpg,1.0,random_flip_random_rotation_random_perspective_random_erasing
augmented_20250214_1853\aug_346.jpg,1.0,
augmented_20250214_1853\aug_347.jpg,1.0,random_flip_elastic_transform_contrast_shift
augmented_20250214_1853\aug_348.jpg,0.0,
augmented_20250214_1853\aug_349.jpg,0.0,random_perspective_random_erasing_add_rain
augmented_20250214_1853\aug_350.jpg,0.0,
augmented_20250214_1853\aug_351.jpg,0.0,random_flip_color_jitter_random_affine_gaussian_blur
augmented_20250214_1853\aug_336.jpg,1.0,
augmented_20250214_1853\aug_337.jpg,1.0,random_flip_random_rotation_color_jitter_gaussian_blur
augmented_20250214_1853\aug_338.jpg,1.0,
augmented_20250214_1853\aug_339.jpg,1.0,random_rotation_color_jitter_random_affine_random_erasing
augmented_20250214_1853\aug_340.jpg,0.0,
augmented_20250214_1853\aug_341.jpg,0.0,random_flip_random_rotation_color_jitter_random_affine
augmented_20250214_1853\aug_342.jpg,0.0,
augmented_20250214_1853\aug_343.jpg,0.0,random_rotation_color_jitter_random_perspective_gaussian_blur
augmented_20250214_1853\aug_344.jpg,0.0,
augmented_20250214_1853\aug_345.jpg,0.0,random_flip_gaussian_blur_random_erasing_salt_pepper
augmented_20250214_1853\aug_346.jpg,0.0,
augmented_20250214_1853\aug_347.jpg,0.0,random_flip_color_jitter_salt_pepper_add_rain
augmented_20250214_1853\aug_348.jpg,1.0,
augmented_20250214_1853\aug_349.jpg,1.0,random_flip_random_affine_add_glare
augmented_20250214_1853\aug_350.jpg,0.0,
augmented_20250214_1853\aug_351.jpg,0.0,random_flip_random_rotation_color_jitter_gaussian_blur_contrast_shift
augmented_20250214_1853\aug_352.jpg,0.0,
augmented_20250214_1853\aug_353.jpg,0.0,random_affine_contrast_shift
augmented_20250214_1853\aug_354.jpg,1.0,
augmented_20250214_1853\aug_355.jpg,1.0,random_rotation_random_erasing_grid_distortion
augmented_20250214_1853\aug_356.jpg,0.0,
augmented_20250214_1853\aug_357.jpg,0.0,random_flip_random_rotation_salt_pepper_grid_distortion
augmented_20250214_1853\aug_358.jpg,1.0,
augmented_20250214_1853\aug_359.jpg,1.0,random_flip_random_rotation_color_jitter_random_perspective_contrast_shift
augmented_20250214_1853\aug_360.jpg,1.0,
augmented_20250214_1853\aug_361.jpg,1.0,random_flip_grid_distortion_contrast_shift_random_crop
augmented_20250214_1853\aug_362.jpg,1.0,
augmented_20250214_1853\aug_363.jpg,1.0,random_flip_random_rotation_color_jitter_random_erasing_contrast_shift
augmented_20250214_1853\aug_364.jpg,1.0,
augmented_20250214_1853\aug_365.jpg,1.0,color_jitter_gaussian_blur_grid_distortion
augmented_20250214_1853\aug_366.jpg,1.0,
augmented_20250214_1853\aug_367.jpg,1.0,random_flip_random_rotation_elastic_transform_add_glare
augmented_20250214_1853\aug_352.jpg,1.0,
augmented_20250214_1853\aug_353.jpg,1.0,random_flip_salt_pepper_add_glare_contrast_shift
augmented_20250214_1853\aug_354.jpg,1.0,
augmented_20250214_1853\aug_355.jpg,1.0,color_jitter_gaussian_blur_random_erasing_contrast_shift
augmented_20250214_1853\aug_356.jpg,1.0,
augmented_20250214_1853\aug_357.jpg,1.0,random_rotation_random_perspective_gaussian_blur
augmented_20250214_1853\aug_358.jpg,0.0,
augmented_20250214_1853\aug_359.jpg,0.0,random_rotation_color_jitter_random_perspective_random_affine
augmented_20250214_1853\aug_360.jpg,1.0,
augmented_20250214_1853\aug_361.jpg,1.0,random_flip_random_rotation_color_jitter_random_perspective
augmented_20250214_1853\aug_362.jpg,1.0,
augmented_20250214_1853\aug_363.jpg,1.0,random_flip_color_jitter_random_erasing_grid_distortion
augmented_20250214_1853\aug_364.jpg,0.0,
augmented_20250214_1853\aug_365.jpg,0.0,random_flip_random_rotation_random_perspective_random_affine
augmented_20250214_1853\aug_366.jpg,0.0,
augmented_20250214_1853\aug_367.jpg,0.0,color_jitter_gaussian_blur_random_crop
augmented_20250214_1853\aug_368.jpg,1.0,
augmented_20250214_1853\aug_369.jpg,1.0,random_flip_random_rotation_random_perspective_random_affine
augmented_20250214_1853\aug_370.jpg,0.0,
augmented_20250214_1853\aug_371.jpg,0.0,color_jitter_gaussian_blur_add_rain
augmented_20250214_1853\aug_372.jpg,1.0,
augmented_20250214_1853\aug_373.jpg,1.0,random_flip_random_rotation_salt_pepper_add_rain
augmented_20250214_1853\aug_374.jpg,1.0,
augmented_20250214_1853\aug_375.jpg,1.0,color_jitter_elastic_transform_add_rain
augmented_20250214_1853\aug_376.jpg,1.0,
augmented_20250214_1853\aug_377.jpg,1.0,random_flip_random_rotation_color_jitter_random_erasing
augmented_20250214_1853\aug_378.jpg,0.0,
augmented_20250214_1853\aug_379.jpg,0.0,random_perspective_add_glare
augmented_20250214_1853\aug_380.jpg,0.0,
augmented_20250214_1853\aug_381.jpg,0.0,random_flip_color_jitter_add_rain_random_crop
augmented_20250214_1853\aug_382.jpg,1.0,
augmented_20250214_1853\aug_383.jpg,1.0,random_rotation_color_jitter_random_perspective_random_erasing
augmented_20250214_1853\aug_368.jpg,0.0,
augmented_20250214_1853\aug_369.jpg,0.0,random_flip_color_jitter_random_perspective_salt_pepper
augmented_20250214_1853\aug_370.jpg,1.0,
augmented_20250214_1853\aug_371.jpg,1.0,random_affine_gaussian_blur_add_glare
augmented_20250214_1853\aug_372.jpg,0.0,
augmented_20250214_1853\aug_373.jpg,0.0,random_flip_color_jitter_random_perspective_random_affine
augmented_20250214_1853\aug_374.jpg,0.0,
augmented_20250214_1853\aug_375.jpg,0.0,random_rotation_gaussian_blur_salt_pepper
augmented_20250214_1853\aug_376.jpg,1.0,
augmented_20250214_1853\aug_377.jpg,0.9713028496298474,random_rotation_color_jitter_contrast_shift_mixup
augmented_20250214_1853\aug_378.jpg,1.0,
augmented_20250214_1853\aug_379.jpg,1.0,random_perspective_random_affine_gaussian_blur
augmented_20250214_1853\aug_380.jpg,0.0,
augmented_20250214_1853\aug_381.jpg,0.0,random_flip_color_jitter_grid_distortion_add_glare
augmented_20250214_1853\aug_382.jpg,1.0,
augmented_20250214_1853\aug_383.jpg,1.0,gaussian_blur_salt_pepper_mixup
augmented_20250214_1853\aug_384.jpg,1.0,
augmented_20250214_1853\aug_385.jpg,1.0,gaussian_blur
augmented_20250214_1853\aug_386.jpg,0.0,
augmented_20250214_1853\aug_387.jpg,0.0,color_jitter_salt_pepper_grid_distortion
augmented_20250214_1853\aug_388.jpg,0.0,
augmented_20250214_1853\aug_389.jpg,0.0,random_flip_random_rotation_contrast_shift
augmented_20250214_1853\aug_390.jpg,0.0,
augmented_20250214_1853\aug_391.jpg,0.0,random_flip_random_rotation_color_jitter_random_erasing
augmented_20250214_1853\aug_392.jpg,0.0,
augmented_20250214_1853\aug_393.jpg,0.0,random_flip_random_rotation_color_jitter_random_perspective_contrast_shift
augmented_20250214_1853\aug_394.jpg,1.0,
augmented_20250214_1853\aug_395.jpg,1.0,random_rotation_color_jitter_random_perspective_salt_pepper
augmented_20250214_1853\aug_396.jpg,0.0,
augmented_20250214_1853\aug_397.jpg,0.0,random_flip_color_jitter_random_perspective_random_affine
augmented_20250214_1853\aug_398.jpg,1.0,
augmented_20250214_1853\aug_399.jpg,0.75,random_erasing_salt_pepper_mosaic
augmented_20250214_1853\aug_384.jpg,1.0,
augmented_20250214_1853\aug_385.jpg,1.0,random_flip_random_rotation_random_perspective_random_affine
augmented_20250214_1853\aug_386.jpg,1.0,
augmented_20250214_1853\aug_387.jpg,1.0,random_flip_color_jitter_gaussian_blur_elastic_transform
augmented_20250214_1853\aug_388.jpg,0.0,
augmented_20250214_1853\aug_389.jpg,0.0,color_jitter_elastic_transform_add_rain
augmented_20250214_1853\aug_390.jpg,0.0,
augmented_20250214_1853\aug_391.jpg,0.0,salt_pepper_add_glare_mixup
augmented_20250214_1853\aug_392.jpg,1.0,
augmented_20250214_1853\aug_393.jpg,1.0,random_rotation_color_jitter_grid_distortion
augmented_20250214_1853\aug_394.jpg,0.0,
augmented_20250214_1853\aug_395.jpg,0.0,random_rotation_color_jitter_gaussian_blur_random_erasing
augmented_20250214_1853\aug_396.jpg,1.0,
augmented_20250214_1853\aug_397.jpg,1.0,random_rotation_random_affine_add_rain
augmented_20250214_1853\aug_398.jpg,0.0,
augmented_20250214_1853\aug_399.jpg,0.0,random_flip_color_jitter_grid_distortion_random_crop
augmented_20250214_1853\aug_400.jpg,1.0,
augmented_20250214_1853\aug_401.jpg,1.0,random_rotation_color_jitter_gaussian_blur_random_erasing
augmented_20250214_1853\aug_402.jpg,0.0,
augmented_20250214_1853\aug_403.jpg,0.0,random_flip_random_perspective_random_affine_gaussian_blur
augmented_20250214_1853\aug_404.jpg,1.0,
augmented_20250214_1853\aug_405.jpg,1.0,random_flip_random_perspective_random_erasing_salt_pepper
augmented_20250214_1853\aug_406.jpg,1.0,
augmented_20250214_1853\aug_407.jpg,1.0,random_flip_random_crop_mixup
augmented_20250214_1853\aug_408.jpg,0.0,
augmented_20250214_1853\aug_409.jpg,0.0,random_rotation_color_jitter_random_affine_gaussian_blur
augmented_20250214_1853\aug_410.jpg,0.0,
augmented_20250214_1853\aug_411.jpg,0.0,random_flip_random_rotation_color_jitter_random_affine
augmented_20250214_1853\aug_412.jpg,0.0,
augmented_20250214_1853\aug_413.jpg,0.0,random_rotation_color_jitter_elastic_transform
augmented_20250214_1853\aug_414.jpg,0.0,
augmented_20250214_1853\aug_415.jpg,0.0,random_flip_gaussian_blur
augmented_20250214_1853\aug_400.jpg,1.0,
augmented_20250214_1853\aug_401.jpg,1.0,color_jitter_elastic_transform_contrast_shift
augmented_20250214_1853\aug_402.jpg,0.0,
augmented_20250214_1853\aug_403.jpg,0.0,random_flip_random_affine_add_rain
augmented_20250214_1853\aug_404.jpg,0.0,
augmented_20250214_1853\aug_405.jpg,0.0,random_flip_color_jitter_contrast_shift_random_crop
augmented_20250214_1853\aug_406.jpg,1.0,
augmented_20250214_1853\aug_407.jpg,1.0,random_erasing_elastic_transform_add_rain
augmented_20250214_1853\aug_408.jpg,1.0,
augmented_20250214_1853\aug_409.jpg,1.0,random_flip_color_jitter_gaussian_blur_random_erasing
augmented_20250214_1853\aug_410.jpg,0.0,
augmented_20250214_1853\aug_411.jpg,0.0,random_flip_color_jitter_random_erasing
augmented_20250214_1853\aug_412.jpg,0.0,
augmented_20250214_1853\aug_413.jpg,0.0,color_jitter_grid_distortion_add_rain
augmented_20250214_1853\aug_414.jpg,0.0,
augmented_20250214_1853\aug_415.jpg,0.0,random_rotation_add_glare
augmented_20250214_1853\aug_416.jpg,0.0,
augmented_20250214_1853\aug_417.jpg,0.0,random_rotation_color_jitter_salt_pepper
augmented_20250214_1853\aug_418.jpg,0.0,
augmented_20250214_1853\aug_419.jpg,0.0,random_flip_random_rotation_random_perspective_random_erasing
augmented_20250214_1853\aug_420.jpg,1.0,
augmented_20250214_1853\aug_421.jpg,1.0,color_jitter_random_affine_random_erasing
augmented_20250214_1853\aug_422.jpg,0.0,
augmented_20250214_1853\aug_423.jpg,0.0,color_jitter_gaussian_blur_salt_pepper
augmented_20250214_1853\aug_424.jpg,1.0,
augmented_20250214_1853\aug_425.jpg,0.7108160084878589,random_flip_random_rotation_mixup
augmented_20250214_1853\aug_426.jpg,1.0,
augmented_20250214_1853\aug_427.jpg,1.0,random_rotation_random_affine_gaussian_blur
augmented_20250214_1853\aug_428.jpg,0.0,
augmented_20250214_1853\aug_429.jpg,0.0,random_flip_random_rotation_random_erasing_grid_distortion
augmented_20250214_1853\aug_430.jpg,0.0,
augmented_20250214_1853\aug_431.jpg,0.5,random_rotation_mosaic
augmented_20250214_1853\aug_416.jpg,1.0,
augmented_20250214_1853\aug_417.jpg,1.0,random_flip_random_rotation_random_affine_gaussian_blur
augmented_20250214_1853\aug_418.jpg,1.0,
augmented_20250214_1853\aug_419.jpg,0.8864230638036558,gaussian_blur_mixup
augmented_20250214_1853\aug_420.jpg,1.0,
augmented_20250214_1853\aug_421.jpg,1.0,random_flip_random_rotation_random_perspective_elastic_transform
augmented_20250214_1853\aug_422.jpg,0.0,
augmented_20250214_1853\aug_423.jpg,0.0,random_flip_random_rotation_random_affine_gaussian_blur
augmented_20250214_1853\aug_424.jpg,1.0,
augmented_20250214_1853\aug_425.jpg,1.0,random_flip_color_jitter_random_perspective_random_affine
augmented_20250214_1853\aug_426.jpg,1.0,
augmented_20250214_1853\aug_427.jpg,1.0,random_rotation_color_jitter_random_perspective_gaussian_blur
augmented_20250214_1853\aug_428.jpg,0.0,
augmented_20250214_1853\aug_429.jpg,0.0,random_rotation_random_perspective_random_crop
augmented_20250214_1853\aug_430.jpg,0.0,
augmented_20250214_1853\aug_431.jpg,0.0,random_flip_random_rotation_color_jitter_random_perspective_contrast_shift
augmented_20250214_1853\aug_432.jpg,1.0,
augmented_20250214_1853\aug_433.jpg,1.0,random_rotation_color_jitter_random_affine_salt_pepper
augmented_20250214_1853\aug_434.jpg,1.0,
augmented_20250214_1853\aug_435.jpg,1.0,color_jitter_random_perspective_add_glare
augmented_20250214_1853\aug_436.jpg,0.0,
augmented_20250214_1853\aug_437.jpg,0.0,random_rotation_color_jitter_random_perspective_random_affine
augmented_20250214_1853\aug_438.jpg,0.0,
augmented_20250214_1853\aug_439.jpg,0.0,random_rotation_color_jitter_random_crop
augmented_20250214_1853\aug_440.jpg,1.0,
augmented_20250214_1853\aug_441.jpg,1.0,random_flip_color_jitter_gaussian_blur
augmented_20250214_1853\aug_442.jpg,0.0,
augmented_20250214_1853\aug_443.jpg,0.38794716312780386,random_flip_color_jitter_random_affine_mixup
augmented_20250214_1853\aug_444.jpg,1.0,
augmented_20250214_1853\aug_445.jpg,1.0,random_perspective_salt_pepper_elastic_transform
augmented_20250214_1853\aug_446.jpg,1.0,
augmented_20250214_1853\aug_447.jpg,1.0,random_rotation_color_jitter_salt_pepper_add_glare
augmented_20250214_1853\aug_432.jpg,1.0,
augmented_20250214_1853\aug_433.jpg,1.0,random_flip_random_affine_random_erasing_add_rain
augmented_20250214_1853\aug_434.jpg,1.0,
augmented_20250214_1853\aug_435.jpg,1.0,salt_pepper_add_rain_random_crop
augmented_20250214_1853\aug_436.jpg,0.0,
augmented_20250214_1853\aug_437.jpg,0.0,random_perspective_grid_distortion_add_rain
augmented_20250214_1853\aug_438.jpg,0.0,
augmented_20250214_1853\aug_439.jpg,0.0,color_jitter_gaussian_blur_elastic_transform
augmented_20250214_1853\aug_440.jpg,1.0,
augmented_20250214_1853\aug_441.jpg,1.0,random_rotation_color_jitter_random_perspective_random_crop
augmented_20250214_1853\aug_442.jpg,0.0,
augmented_20250214_1853\aug_443.jpg,0.0,random_flip_gaussian_blur_random_crop
augmented_20250214_1853\aug_444.jpg,0.0,
augmented_20250214_1853\aug_445.jpg,0.0,random_rotation_color_jitter_salt_pepper_add_glare
augmented_20250214_1853\aug_446.jpg,1.0,
augmented_20250214_1853\aug_447.jpg,1.0,random_flip_random_rotation_random_perspective_salt_pepper
augmented_20250214_1853\aug_448.jpg,0.0,
augmented_20250214_1853\aug_449.jpg,0.0,random_rotation_random_perspective_random_affine
augmented_20250214_1853\aug_450.jpg,0.0,
augmented_20250214_1853\aug_451.jpg,0.0,random_flip_color_jitter_random_perspective_add_glare
augmented_20250214_1853\aug_452.jpg,0.0,
augmented_20250214_1853\aug_453.jpg,0.0,random_rotation_mixup_mosaic
augmented_20250214_1853\aug_454.jpg,1.0,
augmented_20250214_1853\aug_455.jpg,1.0,random_flip_random_rotation_random_perspective_gaussian_blur
augmented_20250214_1853\aug_456.jpg,0.0,
augmented_20250214_1853\aug_457.jpg,0.0,random_flip_random_rotation_random_perspective_random_erasing
augmented_20250214_1853\aug_458.jpg,0.0,
augmented_20250214_1853\aug_459.jpg,0.0,color_jitter_random_affine
augmented_20250214_1853\aug_460.jpg,0.0,
augmented_20250214_1853\aug_461.jpg,0.0,random_flip_gaussian_blur_salt_pepper
augmented_20250214_1853\aug_462.jpg,1.0,
augmented_20250214_1853\aug_463.jpg,1.0,random_flip_color_jitter_gaussian_blur_random_erasing
augmented_20250214_1853\aug_448.jpg,1.0,
augmented_20250214_1853\aug_449.jpg,1.0,color_jitter_gaussian_blur_random_erasing
augmented_20250214_1853\aug_450.jpg,1.0,
augmented_20250214_1853\aug_451.jpg,1.0,random_flip_random_rotation_color_jitter_salt_pepper_contrast_shift
augmented_20250214_1853\aug_452.jpg,1.0,
augmented_20250214_1853\aug_453.jpg,1.0,random_flip_random_rotation_gaussian_blur_add_rain
augmented_20250214_1853\aug_454.jpg,1.0,
augmented_20250214_1853\aug_455.jpg,1.0,random_rotation_random_affine_salt_pepper
augmented_20250214_1853\aug_456.jpg,1.0,
augmented_20250214_1853\aug_457.jpg,1.0,random_flip_color_jitter_random_affine_gaussian_blur
augmented_20250214_1853\aug_458.jpg,0.0,
augmented_20250214_1853\aug_459.jpg,0.0,random_rotation_color_jitter_gaussian_blur_salt_pepper
augmented_20250214_1853\aug_460.jpg,1.0,
augmented_20250214_1853\aug_461.jpg,1.0,random_rotation_random_perspective_elastic_transform
augmented_20250214_1853\aug_462.jpg,1.0,
augmented_20250214_1853\aug_463.jpg,1.0,random_flip_random_rotation_color_jitter_random_perspective
augmented_20250214_1853\aug_464.jpg,0.0,
augmented_20250214_1853\aug_465.jpg,0.0,random_flip_random_perspective_random_affine_random_erasing
augmented_20250214_1853\aug_466.jpg,0.0,
augmented_20250214_1853\aug_467.jpg,0.0,random_flip_gaussian_blur_elastic_transform_contrast_shift
augmented_20250214_1853\aug_468.jpg,0.0,
augmented_20250214_1853\aug_469.jpg,0.0,random_flip_random_rotation_random_affine_random_erasing
augmented_20250214_1853\aug_470.jpg,1.0,
augmented_20250214_1853\aug_471.jpg,1.0,random_rotation_color_jitter_random_perspective_random_affine
augmented_20250214_1853\aug_472.jpg,1.0,
augmented_20250214_1853\aug_473.jpg,1.0,random_flip_color_jitter_elastic_transform
augmented_20250214_1853\aug_474.jpg,0.0,
augmented_20250214_1853\aug_475.jpg,0.0,random_flip_gaussian_blur_random_erasing_random_crop
augmented_20250214_1853\aug_476.jpg,0.0,
augmented_20250214_1853\aug_477.jpg,0.0,random_flip_random_rotation_color_jitter_random_perspective
augmented_20250214_1853\aug_478.jpg,1.0,
augmented_20250214_1853\aug_479.jpg,1.0,random_flip_color_jitter_salt_pepper_add_glare
augmented_20250214_1853\aug_464.jpg,1.0,
augmented_20250214_1853\aug_465.jpg,1.0,random_flip_random_perspective_gaussian_blur_add_glare
augmented_20250214_1853\aug_466.jpg,0.0,
augmented_20250214_1853\aug_467.jpg,0.0,random_rotation_color_jitter_random_perspective_random_affine
augmented_20250214_1853\aug_468.jpg,0.0,
augmented_20250214_1853\aug_469.jpg,0.0,random_flip_random_rotation_random_affine_elastic_transform
augmented_20250214_1853\aug_470.jpg,1.0,
augmented_20250214_1853\aug_471.jpg,1.0,random_flip_random_rotation_random_erasing_grid_distortion
augmented_20250214_1853\aug_472.jpg,1.0,
augmented_20250214_1853\aug_473.jpg,1.0,random_flip_random_rotation_random_perspective_random_erasing
augmented_20250214_1853\aug_474.jpg,1.0,
augmented_20250214_1853\aug_475.jpg,1.0,random_flip_random_rotation_color_jitter_random_affine
augmented_20250214_1853\aug_476.jpg,0.0,
augmented_20250214_1853\aug_477.jpg,0.0,color_jitter_random_perspective_random_affine_contrast_shift
augmented_20250214_1853\aug_478.jpg,1.0,
augmented_20250214_1853\aug_479.jpg,1.0,salt_pepper_contrast_shift_mosaic
augmented_20250214_1853\aug_480.jpg,1.0,
augmented_20250214_1853\aug_481.jpg,1.0,random_flip_color_jitter_random_affine_random_erasing
augmented_20250214_1853\aug_482.jpg,0.0,
augmented_20250214_1853\aug_483.jpg,0.0,random_rotation_random_erasing_grid_distortion
augmented_20250214_1853\aug_484.jpg,0.0,
augmented_20250214_1853\aug_485.jpg,0.0,random_flip_random_rotation_gaussian_blur_random_erasing
augmented_20250214_1853\aug_486.jpg,0.0,
augmented_20250214_1853\aug_487.jpg,0.0,random_rotation_color_jitter_random_perspective_add_rain
augmented_20250214_1853\aug_488.jpg,1.0,
augmented_20250214_1853\aug_489.jpg,1.0,random_flip_random_affine_add_rain
augmented_20250214_1853\aug_490.jpg,1.0,
augmented_20250214_1853\aug_491.jpg,1.0,random_perspective_random_crop_mixup
augmented_20250214_1853\aug_492.jpg,0.0,
augmented_20250214_1853\aug_493.jpg,0.5,random_affine_random_erasing_mosaic
augmented_20250214_1853\aug_494.jpg,0.0,
augmented_20250214_1853\aug_495.jpg,0.0,random_flip_random_rotation_random_perspective_salt_pepper
augmented_20250214_1853\aug_480.jpg,0.0,
augmented_20250214_1853\aug_481.jpg,0.5,mixup_mosaic
augmented_20250214_1853\aug_482.jpg,0.0,
augmented_20250214_1853\aug_483.jpg,0.0,random_rotation_random_affine_add_rain
augmented_20250214_1853\aug_484.jpg,1.0,
augmented_20250214_1853\aug_485.jpg,1.0,random_flip_random_perspective_random_affine_add_glare
augmented_20250214_1853\aug_486.jpg,1.0,
augmented_20250214_1853\aug_487.jpg,1.0,random_flip_random_rotation_random_affine_add_glare
augmented_20250214_1853\aug_488.jpg,1.0,
augmented_20250214_1853\aug_489.jpg,1.0,random_rotation_salt_pepper_add_rain
augmented_20250214_1853\aug_490.jpg,1.0,
augmented_20250214_1853\aug_491.jpg,1.0,random_flip_random_rotation_random_perspective_salt_pepper
augmented_20250214_1853\aug_492.jpg,0.0,
augmented_20250214_1853\aug_493.jpg,0.0,random_flip_random_rotation_random_perspective_gaussian_blur
augmented_20250214_1853\aug_494.jpg,1.0,
augmented_20250214_1853\aug_495.jpg,1.0,random_flip_random_rotation_color_jitter_random_affine
augmented_20250214_1853\aug_496.jpg,1.0,
augmented_20250214_1853\aug_497.jpg,1.0,random_affine_add_rain_add_glare
augmented_20250214_1853\aug_498.jpg,1.0,
augmented_20250214_1853\aug_499.jpg,1.0,color_jitter_random_affine_add_rain
augmented_20250214_1853\aug_500.jpg,1.0,
augmented_20250214_1853\aug_501.jpg,1.0,random_rotation_gaussian_blur_random_crop
augmented_20250214_1853\aug_502.jpg,0.0,
augmented_20250214_1853\aug_503.jpg,0.0,random_flip_random_rotation_color_jitter_random_perspective
augmented_20250214_1853\aug_504.jpg,0.0,
augmented_20250214_1853\aug_505.jpg,0.0,random_flip_random_rotation_random_affine_random_erasing
augmented_20250214_1853\aug_506.jpg,1.0,
augmented_20250214_1853\aug_507.jpg,1.0,random_flip_random_rotation_random_perspective_random_affine
augmented_20250214_1853\aug_508.jpg,0.0,
augmented_20250214_1853\aug_509.jpg,0.0,color_jitter_random_perspective_gaussian_blur_contrast_shift
augmented_20250214_1853\aug_510.jpg,1.0,
augmented_20250214_1853\aug_511.jpg,1.0,random_flip_color_jitter_random_perspective_grid_distortion
augmented_20250214_1853\aug_496.jpg,0.0,
augmented_20250214_1853\aug_497.jpg,0.0,random_flip_random_perspective_grid_distortion_contrast_shift
augmented_20250214_1853\aug_498.jpg,1.0,
augmented_20250214_1853\aug_499.jpg,0.25,random_rotation_random_crop_mosaic
augmented_20250214_1853\aug_500.jpg,0.0,
augmented_20250214_1853\aug_501.jpg,0.0,random_rotation_gaussian_blur_mixup
augmented_20250214_1853\aug_502.jpg,0.0,
augmented_20250214_1853\aug_503.jpg,0.0,random_flip_random_rotation_color_jitter_random_affine_contrast_shift
